{"inputUnits":[63],"outputUnits":4,"inputs":{"0":{"dtype":"number","min":0.009571194648742676,"max":0.8392408490180969},"1":{"dtype":"number","min":0.1541338860988617,"max":0.9743488430976868},"2":{"dtype":"number","min":-7.218563382593857e-7,"max":-1.486515515125575e-7},"3":{"dtype":"number","min":0.03330855816602707,"max":0.842024564743042},"4":{"dtype":"number","min":0.24211280047893524,"max":0.967838704586029},"5":{"dtype":"number","min":-0.04574587568640709,"max":0.011667351238429546},"6":{"dtype":"number","min":0.08565622568130493,"max":0.8565571904182434},"7":{"dtype":"number","min":0.24555712938308716,"max":0.9162968397140503},"8":{"dtype":"number","min":-0.07943693548440933,"max":0.005131144542247057},"9":{"dtype":"number","min":0.0907142162322998,"max":0.9124531745910645},"10":{"dtype":"number","min":0.18165388703346252,"max":0.9584590196609497},"11":{"dtype":"number","min":-0.11094039678573608,"max":-0.0039639645256102085},"12":{"dtype":"number","min":0.057246364653110504,"max":0.958070695400238},"13":{"dtype":"number","min":0.10494080185890198,"max":1.0002418756484985},"14":{"dtype":"number","min":-0.13778254389762878,"max":-0.010440144687891006},"15":{"dtype":"number","min":0.06866376847028732,"max":0.9397363662719727},"16":{"dtype":"number","min":0.13717971742153168,"max":0.7940500378608704},"17":{"dtype":"number","min":-0.15120363235473633,"max":0.0040572090074419975},"18":{"dtype":"number","min":0.18306419253349304,"max":0.9765630960464478},"19":{"dtype":"number","min":0.0830715149641037,"max":0.831635057926178},"20":{"dtype":"number","min":-0.20413030683994293,"max":-0.012792905792593956},"21":{"dtype":"number","min":0.17409560084342957,"max":0.9257904887199402},"22":{"dtype":"number","min":0.15363243222236633,"max":0.8366847634315491},"23":{"dtype":"number","min":-0.21051615476608276,"max":-0.010965347290039062},"24":{"dtype":"number","min":0.1541401892900467,"max":0.9019161462783813},"25":{"dtype":"number","min":0.19092078506946564,"max":0.8355316519737244},"26":{"dtype":"number","min":-0.20694440603256226,"max":-0.006963785272091627},"27":{"dtype":"number","min":0.0712907537817955,"max":0.9555090665817261},"28":{"dtype":"number","min":0.1395699381828308,"max":0.8327740430831909},"29":{"dtype":"number","min":-0.15639889240264893,"max":-0.003943025134503841},"30":{"dtype":"number","min":0.14190706610679626,"max":0.9728420376777649},"31":{"dtype":"number","min":0.07031837850809097,"max":0.8234916925430298},"32":{"dtype":"number","min":-0.2020738571882248,"max":-0.005168688017874956},"33":{"dtype":"number","min":0.1353617161512375,"max":0.9229973554611206},"34":{"dtype":"number","min":0.16245508193969727,"max":0.8395772576332092},"35":{"dtype":"number","min":-0.18464809656143188,"max":-0.00126444804482162},"36":{"dtype":"number","min":0.15373104810714722,"max":0.9080842137336731},"37":{"dtype":"number","min":0.17865902185440063,"max":0.8369730114936829},"38":{"dtype":"number","min":-0.17317523062229156,"max":-0.004165879916399717},"39":{"dtype":"number","min":0.08844851702451706,"max":0.972756564617157},"40":{"dtype":"number","min":0.12965050339698792,"max":0.9064834713935852},"41":{"dtype":"number","min":-0.15888828039169312,"max":-0.005490724463015795},"42":{"dtype":"number","min":0.10097476840019226,"max":0.9637491703033447},"43":{"dtype":"number","min":0.067157082259655,"max":0.8851063847541809},"44":{"dtype":"number","min":-0.18616338074207306,"max":0.003313508117571473},"45":{"dtype":"number","min":0.0981661006808281,"max":0.9216775298118591},"46":{"dtype":"number","min":0.13663330674171448,"max":0.8889284133911133},"47":{"dtype":"number","min":-0.14774012565612793,"max":0.009823494590818882},"48":{"dtype":"number","min":0.12031854689121246,"max":0.908837616443634},"49":{"dtype":"number","min":0.1535232663154602,"max":0.893179178237915},"50":{"dtype":"number","min":-0.12414500117301941,"max":0.0056768059730529785},"51":{"dtype":"number","min":0.07751156389713287,"max":1.0032548904418945},"52":{"dtype":"number","min":0.0899796336889267,"max":0.9850791692733765},"53":{"dtype":"number","min":-0.16343413293361664,"max":0.0005877168732695282},"54":{"dtype":"number","min":0.06333494931459427,"max":0.968575656414032},"55":{"dtype":"number","min":0.05664253234863281,"max":0.9487930536270142},"56":{"dtype":"number","min":-0.17198465764522552,"max":0.008104732260107994},"57":{"dtype":"number","min":0.06531234830617905,"max":0.9455094337463379},"58":{"dtype":"number","min":0.09016311168670654,"max":0.946069598197937},"59":{"dtype":"number","min":-0.1439519226551056,"max":0.02027580514550209},"60":{"dtype":"number","min":0.07799014449119568,"max":0.943892240524292},"61":{"dtype":"number","min":0.11139564961194992,"max":0.956993818283081},"62":{"dtype":"number","min":-0.12771673500537872,"max":0.02688535489141941}},"outputs":{"label":{"dtype":"string","min":0,"max":1,"uniqueValues":["up","right","left","down"],"legend":{"up":[1,0,0,0],"right":[0,1,0,0],"left":[0,0,1,0],"down":[0,0,0,1]}}},"isNormalized":true}